{
  "part1":[
    {
      "name":"김영식",
      "depart":"가정의학과",
      "about":"심뇌혈관질환1차예방,건강증진,항노화진료,생활습관병관리,청소년건강,비만,평생건강관리클리닉(회원제),암예방클리닉(회원제)",
      "photo":"./images/doctor1.jpg"
    },
    {
      "name":"박혜순",
      "depart":"가정의학과",
      "about":"비만,고도비만,대사질환(고혈압,고지혈증,당뇨병,지방간),비만수술 전후치료",
      "photo":"./images/doctor2.jpg"
    },
    {
      "name":"선우성",
      "depart":"가정의학과",
      "about":"생활습관병관리,건강검진 이상소견,맞춤건강검진,성인병,금연클리닉,평생건강관리클리닉(회원제),암예방클리닉(회원제)",
      "photo":"./images/doctor3.jpg"
    },
    {
      "name":"손기영",
      "depart":"가정의학과,암병원,유방암센터",
      "about":"생활습관병관리,성인병,노인건강,암생존자 건강관리,건강증진(검진 소견 상담)",
      "photo":"./images/doctor4.jpg"
    },
    {
      "name":"조홍준",
      "depart":"가정의학과",
      "about":"성인병관리,건강증진,건강검진 이상소견의 확진,금연클리닉,평생건강관리클리닉(회원제),암예방클리닉(회원제)",
      "photo":"./images/doctor5.jpg"
    }
  ],
  "part2":[
    {
      "name":"권재우",
      "depart":"간담도췌외과,로봇수술센터,간암센터,담도 및 췌장암센터",
      "about":"간 담도 및 췌장 질환, 복강경 및 로봇수술",
      "photo":"./images/doctor1.jpg"
    },
    {
      "name":"김송철",
      "depart":"간담도췌외과,장기이식센터,암병원,임상시험센터,로봇수술센터,담도 및 췌장암센터",
      "about":"비만,고도비만,대사질환(고혈압,고지혈증,당뇨병,지방간),비만수술 전후치료",
      "photo":"./images/doctor2.jpg"
    },
    {
      "name":"박예종",
      "depart":"간담도췌외과,로봇수술센터",
      "about":"생활습관병관리,건강검진 이상소견,맞춤건강검진,성인병,금연클리닉,평생건강관리클리닉(회원제),암예방클리닉(회원제)",
      "photo":"./images/doctor3.jpg"
    },
    {
      "name":"송기병",
      "depart":"간담도췌외과,암병원,로봇수술센터,담도 및 췌장암센터,대장암센터",
      "about":"복강경 및 로봇수술,췌장 담도질환,팽대부주위암(십이지장),담낭",
      "photo":"./images/doctor4.jpg"
    },
    {
      "name":"이영주",
      "depart":"간담도췌외과,장기이식센터,암병원,간센터,간암센터,담도 및 췌장암센터",
      "about":"성인병관리,건강증진,건강검진 이상소견의 확진,금연클리닉,평생건강관리클리닉(회원제),암예방클리닉(회원제)",
      "photo":"./images/doctor5.jpg"
    }
  ],
  "part3":[
    {
      "name":"홍길동",
      "depart":"마취학과,로봇수술센터,간암센터,담도 및 췌장암센터",
      "about":"간 담도 및 췌장 질환, 복강경 및 로봇수술",
      "photo":"./images/doctor1.jpg"
    },
    {
      "name":"김송철",
      "depart":"간담도췌외과,장기이식센터,암병원,임상시험센터,로봇수술센터,담도 및 췌장암센터",
      "about":"비만,고도비만,대사질환(고혈압,고지혈증,당뇨병,지방간),비만수술 전후치료",
      "photo":"./images/doctor2.jpg"
    },
    {
      "name":"박예종",
      "depart":"간담도췌외과,로봇수술센터",
      "about":"생활습관병관리,건강검진 이상소견,맞춤건강검진,성인병,금연클리닉,평생건강관리클리닉(회원제),암예방클리닉(회원제)",
      "photo":"./images/doctor3.jpg"
    },
    {
      "name":"송기병",
      "depart":"간담도췌외과,암병원,로봇수술센터,담도 및 췌장암센터,대장암센터",
      "about":"복강경 및 로봇수술,췌장 담도질환,팽대부주위암(십이지장),담낭",
      "photo":"./images/doctor4.jpg"
    },
    {
      "name":"이영주",
      "depart":"간담도췌외과,장기이식센터,암병원,간센터,간암센터,담도 및 췌장암센터",
      "about":"성인병관리,건강증진,건강검진 이상소견의 확진,금연클리닉,평생건강관리클리닉(회원제),암예방클리닉(회원제)",
      "photo":"./images/doctor5.jpg"
    }
  ]
}